Name,Colors,Bit_0 Bit_1 Bit_2 Bit_3 Bit_4 Bit_5 Bit_6 Bit_7 Bit_8 Bit_9 Bit_10 Bit_11 Bit_12 Bit_13 Bit_14 Bit_15 Bit_16 Bit_17 Bit_18 Bit_19 Bit_20 Bit_21 Bit_22 Bit_23 Bit_24 Bit_25 Bit_26 Bit_27 Bit_28 Bit_29 Bit_30 Bit_31 Bit_32 Bit_33 Bit_34 Bit_35 
6xr6_0001,1,5.272469634167959 6.442553727219544 6.313964570336964 5.8019503551335125 5.737874955434798 3.022050963405408 2.5809013567701498 2.3867552956786335 2.6162308206209777 2.1561625848861934 1.2203992779266044 0.37656538542433476 0.909344232542025 1.7150031122900167 1.0441614826859877 1.8472512631744373 0.8593986280679067 0.37979641904636813 4.337056288282348 3.971447482600659 2.857010181869404 2.25339499202083 1.9741351751654306 1.5842787716326594 2.1333132541359228 1.448757168398908 1.1289118784159178 1.9725720366479789 1.4044790936745906 2.20777084303064 0.5341425308037588 2.367160411110559 1.145933412557883 1.3711145078541842 3.7542038657079555 1.9354149660437163 
6xr6_0002,1,1.1818209811227285 2.076315326597282 2.149880431565646 3.6243833008969792 4.127670884217945 0.46658034403995685 4.567560090187235 1.0596870776646494 5.142236706803773 1.2920991942703162 1.1483626246695287 1.539253721676334 0.8332041945526385 0.31993660393566864 1.5727458419775835 0.0 1.133712063286402 7.257272361011692 1.6760070280925303 0.6924371556206382 2.0634819431983837 1.7067211009156644 0.9135293746851032 23.37752313599308 1.1788391621293286 0.818524224781337 21.209378809713563 1.8820037637488936 2.4674918780192123 3.406685302050546 1.386202368245384 1.6743147409511219 2.303064349078226 0.5316987210405072 0.9277997064762656 1.2262317579128346 
6xr6_0003,1,5.018470748745877 6.713127019866217 7.115322592705235 6.9810797662565145 6.929370877624838 5.412033914434469 4.3542537394517 3.9655320440599144 3.727206153787848 4.33136567556794 4.895193516949787 1.0012112915086626 2.115656188457982 1.4913688070451325 0.8671315702929849 2.031145279672667 1.5679058219169644 0.7064029993305678 4.232072945795739 3.4695826419460656 2.2064258755468713 2.073305680416689 0.9572764355385774 1.6881486766259328 8.835778437889456 0.9983118117482689 1.823392817072369 13.573175357732952 0.9176237462303867 1.926564337451459 1.1957517575017167 0.3923979043791023 1.9219748987822394 1.1357787425523904 1.4118725070142764 3.4364373519022577 
6xr6_0004,1,3.1997946517371845 2.0167568321521117 2.941499874394278 3.556225677688355 5.264684244727365 5.825308995154239 6.880473273892362 0.5189442629683633 1.2089037481055123 3.2453212040554287 0.6188217645623908 0.0 5.789434368311727 5.497244453649199 0.6045301905616919 6.065538755790929 1.0030071141604906 7.352512120571249 1.9910110413570175 2.8563170295033395 10.848518183100731 10.79301107866105 24.6274049923327 24.57678810994879 22.772867629066507 0.22563889088861527 12.878150062645728 11.271372371234252 8.898491538812639 1.050014969486573 8.810395628545438 1.113661094627635 2.02804686741453 0.9024913511272868 0.4617535359177616 1.2224964391783633 
6xr6_0005,1,4.87017730984854 0.637134552006874 2.831978832587717 2.07422448700124 0.8943746736770273 4.797727140667455 6.818501754216399 6.961328854011918 5.256851192777689 5.280787668683412 5.415331212303742 5.5839530898125584 6.040119215163343 6.171092783324973 6.227464775414452 6.018547994422141 4.957483544109159 3.0418698287243036 0.3540094889414061 1.9917116216997601 2.0659065035916373 1.1531663564345587 0.8164861798692954 23.145351476024086 1.5364134453411658 0.9944413723297673 20.60847109571007 13.322713284664754 9.856504800564691 1.990110835585825 2.1938851614179806 9.359404109353859 10.100461703574338 9.722777670262644 3.4986619836838737 3.074861566786906 
6xr6_0006,1,4.3737294444171 5.59239459981979 5.691507822863912 5.457274295409884 4.246063766839759 0.8481694817723636 3.0126143478859757 1.0729665257904264 23.07314753269254 7.568186612097461 7.403645379476106 7.233674363978163 6.704654858005923 6.774702792650005 7.7059534034368875 13.251388001503475 13.157335702040474 8.044286500249838 0.41242314842794925 2.358080797892901 1.6634509958806853 0.7981654537769027 0.16229567115230703 1.2435967785223723 8.53717878105473 7.346920970165772 7.723664670192668 12.20359048033689 6.479217274625188 9.469292565738138 9.028819333221968 9.890933032326487 12.913691984212251 10.904171287858412 7.697892052067768 7.2502078580950435 
6xr6_0007,1,4.248341677253281 6.166588108896029 6.422618867410276 6.4507081276818745 6.477432431687016 0.4955420379191972 5.00609207574793 3.9314971185992516 2.8687298633717866 0.7165045290700465 1.637009499420242 0.800258615265021 2.0819315598828996 1.7583079887121598 0.6762716895903926 1.709982736099988 1.3289081770449755 1.531253186645247 3.827898993745278 0.343936484279034 2.031686201145273 1.1889587127664367 1.2790159180907188 22.925940038477968 22.344048636026333 1.073816016705738 9.356660240545958 0.7761642707700477 0.35155275402151404 1.005220692988858 6.925663194606531 1.9288731627020532 0.8761578219826861 1.8399658931651723 1.3416501806737435 0.4909649709708875 
6xr6_0008,1,5.578473587265208 6.643300860561421 6.78803525022934 0.4262686012890099 0.8127786429932815 5.631841984499723 1.1707777481614043 0.3000191154911819 2.4875843938043363 1.4901187313070807 0.6442590287424083 4.602842967826467 2.3346866128249895 1.6853049315403494 2.475466552865091 1.5625439751869743 1.991053929900918 1.4649255525087652 0.8943216161650748 0.5595927533417097 2.48545602557389 1.4049533489898836 2.0414336551567 0.6085776845769157 1.3023057401641733 2.092757437352027 1.3478680897350042 0.4656803597930666 1.164284377879582 0.7966378599467613 2.5838396908416916 1.5870173205642364 1.3639385565635118 2.230207568628734 2.286315047312596 1.5219675311280827 
6xr6_0009,1,4.1773495860405445 5.435226843713559 6.001746964450953 5.799430904927646 6.041001339684498 4.991161277013597 4.527056896992693 4.090661893748913 1.508581236293558 0.8120347996314224 1.3896648628734192 2.0890033005388533 0.6256680017784547 1.016713444187474 1.4247031059294033 7.1451060876257655 8.504814375669884 8.81866540066441 3.1723823619292104 2.7292431527104726 2.0010658252895577 2.024204134748217 1.2348944558078636 1.8933167452941175 0.9959708539453127 1.4955864601842463 20.945180871857403 0.5766530726464185 2.5580812132242357 1.4909785225669006 1.0007674475366948 2.892480213690992 1.221619259174478 1.915365226867567 0.9795407157545257 9.50488591927851 
6xr6_0010,1,0.4802666228563973 4.626817111600683 6.616082851084638 6.686839691309997 0.4840072129266257 5.448752235857235 2.6744023378274626 0.9123321846331827 5.05828828190488 1.1978054120137562 5.0688582721820215 4.519582974189298 2.568494617289582 2.4556204652315925 2.153838262879138 2.3424040369346097 2.865485606584937 2.4534256421742002 0.6126387968526897 4.023822819868246 3.2037100034961723 1.0471019884998998 0.6125442540715823 1.6942928288110517 22.215907680196814 18.09037200734585 17.46502136533417 13.999834303007104 10.418413368208178 9.606370509841136 9.645456201547574 9.74197200758059 10.503559237471908 10.246166291742124 3.852473306178628 3.339959825400516 
6xr6_0011,1,5.082494754288433 0.6567159612412355 1.0309224527263057 0.26193074902347757 1.3298462522532446 1.2617917524816755 0.8985150852991964 6.484441145502825 0.4632032696262457 6.896273808185484 7.413053181291445 7.257439768123879 7.133957672542187 6.83929227204474 4.302941190016287 3.2652703000634653 3.2567098523780955 2.723845445534595 1.316580117967591 1.7417559333635764 0.7380314676899322 1.487042601435069 23.69495621871576 0.6195061834950121 22.36405335333287 20.685161370727304 0.21187080628009558 10.584929795715277 8.666475334018713 9.040148677995838 9.461574315532213 9.638642338022352 10.285000220540251 10.071877672501483 3.2541263432833842 3.2725313088014234 
6xr6_0012,1,2.1643475239496284 2.489207156748889 2.8160683845928016 3.4844378205327633 3.6334266764840444 4.159705926787306 5.207180381215549 5.586379404277376 5.870426294840283 6.197363187211953 7.024943283793962 7.004576319607736 7.060591913078432 7.065454892320183 6.42341862621165 3.489760043278271 3.000029624147754 10.701632414175364 1.9481902367412116 2.8001552880936407 2.0727555139851876 2.7046832848639495 23.13377464483681 23.767303109687713 22.595039253868933 20.975154569195563 21.662012248253276 7.563153276368762 6.009980001651771 5.824611817715666 8.391738403896657 10.090214403306788 10.632499386553604 3.4232711801748277 3.132153855963177 2.66211589008714 
6xr6_0013,1,1.9857214160398284 0.585607473101413 2.534167436599466 1.7503313241290126 2.551820471106091 0.6608932672631624 1.1089334453565933 3.0313060185562852 2.1135051413708723 1.0823051611889423 0.6447783977612429 1.3868788499258966 2.222267734336082 1.4409379948231253 2.0472200471187754 0.690796738777366 1.3848927234799733 1.9841261527931575 1.1881244105849258 2.138471002824734 1.4212284364773233 2.138427381503234 0.3717933053735039 0.8703991820383334 9.354782890497725 1.7162580708492596 0.9118936519627713 2.087062815057297 0.7277612757108076 1.406185123250768 0.3115247567183777 9.450365518567477 9.862121840509921 9.83765508871947 0.646375384200062 1.4907380658972627 
6xr6_0014,1,0.49341388897275906 6.060719181472379 6.92239154977858 7.159748564977412 6.876519009342066 9.058052834923071 0.8487350131317654 1.8398923084756285 0.7862198043777437 0.29297164409963716 5.373456106317806 6.254517615152754 2.588701946743236 2.1838848255034473 3.0785316683454074 2.1908298805194804 2.4834444722465836 2.0383608639563526 3.503642446249221 0.1543038827483684 2.013801905995087 1.0202222470222413 1.4662670085938947 23.583144081833733 0.7392795026694723 1.0749470255170719 0.4056186105518335 6.756372725938164 1.181369620855857 5.724356832310285 2.048044534663275 2.4803484462159298 1.9312801189184798 1.6982178227991118 1.9260476280681063 2.311333780132853 
6xr6_0015,1,0.4518957809938039 1.1048288461336946 1.5016669192101157 0.7545517501855727 1.5070569648471965 0.9584976052309387 4.15292567274154 4.278012685383847 4.717027298632642 3.8256773348683555 2.1205696283677598 2.39872643647309 2.3975279881194758 2.808267414176795 2.1382701523890235 2.4474785208096423 2.499192472875211 2.1245175816728374 1.10706880966396 1.5186415181827984 0.8135089367306025 2.230715473009849 1.0516719059048045 23.37595513273478 22.132403346874874 19.53687780828343 19.368693615143982 13.917636253493365 6.924605428906226 6.36068159919054 6.804348792230273 9.281094740625004 3.930867958550659 2.6736678110933214 2.222506691156357 11.301866479120642 
6xr6_0016,1,1.611488135873106 1.3924200585068112 1.4850175556782337 1.861759164742195 2.0706512743866634 6.766439014497294 6.663335201231229 5.7693346464750155 4.8492529771819255 4.6626813879864475 4.647022547568879 5.850462760718041 6.933205167016102 6.483273851698186 5.82182911220606 4.572774794697198 4.0916839279399655 4.003210672054563 1.142847117662677 1.469521468734711 1.5794527652235897 2.028854484231407 24.0511988015325 22.79777346385891 22.327472216023295 20.644227266211253 1.6342436210555906 10.042261069101432 2.0864034353237844 1.6424529776586538 8.570051192959745 8.609678889226034 9.317876874561419 9.282383152352065 5.509556273684288 4.247074873233642 
6xr6_0017,1,3.0379169771872925 4.10620560296632 5.78852398865366 5.697445580249928 5.407448487683725 4.47489904159642 4.121444947989008 3.9863931651019797 3.328127731618551 3.382373352428752 3.1041761421740843 3.1440799722604247 2.812985682577006 1.940829517426362 2.5094726454543306 1.6547447255727328 1.224733049336285 2.140342685779312 2.6480230716322235 2.98842039970872 1.7823189325855795 2.0485619890716023 1.8234514083594942 1.4700963970095824 1.970234785664924 1.5216210150731064 1.3115668437083603 1.953921869747554 1.5995656533893126 2.4504741606214586 1.516854682944246 1.1790072758723755 2.231807593176686 2.2848119413920163 1.3478773459705284 1.0716534198655625 
6xr6_0018,1,5.612830903858012 0.6080258241843937 7.211412521700509 3.756647215601359 3.0745720789697075 0.35697224704387814 1.061042859700357 1.531389945012192 1.4440235077257033 4.5930524253146725 4.45207487012922 5.463343079620807 6.449013627087866 5.473472445089325 4.356557767122584 3.0299133973139303 2.584070470279013 2.518181243659907 4.4150493447988275 3.2360953708859452 0.5688913701285842 0.3591102909124469 1.9225717107338862 1.3522716224749787 1.2381012465341616 1.752589999653624 0.9793689631656248 1.221013699704107 1.8944965820162414 2.687436788670366 1.857405922184366 1.5217315925871715 1.6382578822805103 2.1643183523671166 3.025282414785032 1.6460427055498557 
6xr6_0019,1,5.385448429945787 1.1608570410350085 1.5253494116973838 2.1253702871208375 1.742846646470334 2.4507106761993436 2.4841253916456747 2.758675152877092 8.764230022732503 7.54151511825647 7.694210230426953 7.106920647657385 6.210051078464232 5.354185197009698 2.7625757961859114 1.709985138574959 1.3071266299799644 9.955887474917974 1.952924755005653 1.2595633755914082 1.3101609662090719 2.3885260290511336 23.372803793968313 23.61535641330975 22.146303333423095 20.601402024247975 20.53219715962778 1.411368874235892 2.3987123833128106 1.2856077633390193 1.6581555153526597 1.8584706699072344 1.8854087906412293 1.5204654931183994 1.2147452125294516 7.967991834595638 
6xr6_0020,1,6.974329194929209 7.473130329262393 7.676460911941742 7.5257683345831055 0.5532459370483941 10.181418713016983 4.62003178507456 1.2175715964184612 0.6137623415735841 1.375260854154545 2.4067444877971114 1.2825776671446538 1.602303545052317 2.2458228797839084 1.5858199536848436 1.3837864653143641 1.4704031862317748 1.6959537277944816 4.889749666982258 0.3955678607728951 0.8131264831848459 2.354339582535786 1.5087390620398875 1.1247648038470086 23.111777763527133 18.81515865394675 0.2930516317862017 2.0481144270629885 0.6618993093568774 1.8241086255347356 1.406790109107807 2.428304154449676 0.7658043618439517 1.72097003024541 1.1276358297839582 1.2429265845828457 
6xr7_0001,2,1.0605717809991824 6.414213855922321 7.066094170654834 0.3458545755770126 0.7074857451292648 1.2741889001188167 4.173732364852298 0.9730197588520207 1.332981158936823 0.831967188695497 0.4158028822288006 5.19869220186185 5.157596036421317 5.310690159010398 5.955956645932242 0.49067772735721804 1.2478098285947974 5.136322431536713 3.007780893636388 1.1764145680850682 1.6260021317411886 0.4301032376793068 1.593493912928373 1.2037035714162447 21.664730380567544 1.1589689720765226 2.0793110727352033 0.4119058496319275 1.4085909206258023 1.1005608375118974 2.721826444106338 1.1512743089853859 1.600088489629697 0.47657251874248424 1.8106111671882443 1.3356642611390033 
6xr7_0002,2,5.584903613959729 7.16624950431583 7.003420988608606 6.1839103049835895 6.4720017132630705 0.39212372411509216 8.046331591912685 0.8614892043123801 1.8792397341412064 1.1446206663405032 1.828607991825871 1.1244421071324906 0.3092169745026226 2.0069038702561492 2.7060546648789265 1.9818451987957812 2.2271547788928916 2.2718426057432377 4.467774302277951 3.7647940388352517 1.9445634224261126 0.7521855702437323 1.5066650512384039 2.1007352569308786 1.660723912090414 0.6559574206680221 1.4977653170587544 1.9521040623588406 1.112143954853817 3.049029622236411 1.3528145931841922 0.35682268593674243 1.0728326954693874 0.6921215084787417 2.077447655798523 1.944140344981755 
6xr7_0003,2,5.587129559931131 5.765360549483576 0.8908540347272883 4.3096101977415415 1.6142648987800745 0.6681619561649872 1.8346696571655923 1.0780824480238564 0.37064145981497776 1.0492577114899424 5.911973783071193 0.7052263257735065 8.584076951391971 1.4801257740713945 0.7343787602203495 2.9168136387378647 1.3545720424235677 2.733984625762389 0.7913775419520066 2.7895947013027618 1.5220195384231732 2.3757210048628976 0.5097955590009696 0.05646679326727249 0.7977664838176507 16.979408059533846 1.2876962952497764 0.8545904280032497 10.295499089835172 1.4607770524235457 0.8376094376630567 1.2293357967401655 1.9377946413459008 1.581706589114885 0.7352222393989303 0.3950480120695599 
6xr7_0004,2,5.685315091652539 1.0639722135031953 0.6768997614084213 2.2624557599897455 1.7471940547997395 3.944825576674743 4.77377029299387 6.653873266908739 5.530353536938926 4.750764430464965 4.920160196525866 2.4646489949183663 2.042569085780209 1.5545738194499554 1.284456558961718 2.0747713229288935 1.3468871490810046 1.7075301844923725 0.291852310270109 1.1005158714939098 2.347449750592332 1.8879612517281412 0.9393856285770563 0.5885069975844714 7.6247293217612 1.4579658714164823 0.7638512091821287 10.103424363989614 1.4943244857385858 2.8348147497641802 0.6479257043567744 1.1378336747229116 2.2359087124621664 1.326575902876106 1.7681177488724493 1.091760662629406 
6xr7_0005,2,2.481075167751652 6.698393341471488 7.102651400101358 6.412322029282355 6.658500052305383 5.488074250438288 4.329806466593063 3.008713737109099 2.922496632107745 3.392153289138479 3.436907788328372 7.325347496879321 6.214708930968252 6.095644527933704 6.202569360161651 2.263525876006968 1.8937962499700318 1.8985860421808063 2.618975573602439 1.8595798921297908 1.4437698054327162 1.4290392648486685 25.030447570041794 1.1675892868885873 0.8608960374174752 2.21702402522463 1.7313166208894957 1.031450428932697 1.891487995450642 2.055665602138447 2.0094713957630197 1.1700590918343017 2.476835411282465 1.8905260183853887 2.600515451082492 1.6323456628056583 
6xr7_0006,2,5.409651514971715 5.941973093008987 5.849693784686559 5.325177024812154 5.51604449556838 3.049243954803551 2.070810677956529 1.6306747460885975 1.3153281836855184 1.8918147496955289 1.493626524749782 0.6311772938748845 2.5367475611323864 1.318803567533762 1.7964333096689427 0.8222125131168271 1.7608235118307887 2.2288369632974754 5.302826574344426 3.6747548664860927 2.986339248471762 2.3192625889528142 15.716915226388716 2.1657424034106385 1.938420253010454 2.177537416899089 2.6058884044707713 3.8591723891847014 3.63989210699165 0.5469118501161265 3.319059073811147 1.2305616354478597 0.7339548111833739 1.5045809676179684 1.256340690681384 0.8877873708520775 
6xr7_0007,2,1.3723850670496964 0.5074527253123082 0.9672151356441969 1.710361024194632 1.237181787468151 1.9278697384276537 1.084577894784162 0.3333364873067453 0.6868298479876787 2.212403990203166 0.8665000213035837 7.730894847471446 5.934624073955944 0.8464323142787155 6.519280518080537 0.26053880276799035 11.758103371363065 12.09622880929483 4.544259125142501 1.431969339151312 0.648001053938529 2.1259788714802776 1.4035689074043434 17.450128482277798 2.442214158843773 0.8827959028964608 2.0114088910844448 2.622671917918866 1.0735922742684951 2.011563992226419 0.6771958556774973 1.0269159406207502 2.5503958887476665 3.321058694876362 3.8291416222712225 0.8084281255419199 
6xr7_0008,2,0.709477549391726 1.7441610546866235 0.9907214315710658 2.2236273383572813 1.7321161408132475 2.439535878072462 0.8823715722249771 1.3087664868740165 2.1652587773782503 0.43558247615909534 2.0604233666239296 1.203210769347351 1.5226472580003918 0.7518825709880205 1.5793683694649017 1.3120255534779885 0.872156629863454 1.5894484527241588 0.12773189930475473 1.367657655881804 0.885335412182612 1.5306007282833611 23.23506355405185 1.3770473278141575 0.7646093351205205 1.1314378524472497 2.255955173374019 0.439835615589001 2.127205601617766 1.2493285227317559 0.7948722106262672 1.6114752986216632 2.002904606183757 0.8877034960576645 2.0034187084324135 1.5903856543690207 
6xr7_0009,2,1.9232260950931437 1.3550065632151012 1.5591965455888204 1.8517853872322187 2.0159814495126738 2.6026017010435707 2.917755430940119 4.945493074935883 6.305812451513931 6.152682023928868 5.756236678481485 5.160010039677885 1.5276691912540417 2.0976795985560917 1.6675336731325032 1.4498214695448233 1.0624436357020441 1.5066625545423604 2.6638398042919174 1.5322291930143985 2.5206023294841873 21.101976535920276 15.280094270676635 17.768557016691503 22.614196692115534 20.492644373625037 1.3620377677923945 1.0961290883397103 1.9179424738758752 1.4410119868460496 1.5602456664410966 2.0441174466699694 1.4084930493157495 0.9868368639523063 1.8617656875751043 1.1669013562640065 
6xr7_0010,2,2.489326622772624 1.7245728758805112 1.4543785201654957 1.6604414208157285 1.3599124049850497 1.2752992819378604 1.5533155291008254 1.879926405115134 1.8406107878818079 3.3920663529443393 4.86486838073497 4.892048201100515 4.50763213136068 2.648831897125075 2.8798597286153638 2.2283371841216537 2.8508424033501436 2.08040122840809 13.196469518615958 13.964731902935748 13.571569214157682 16.17493656680471 23.69314635704788 21.849183268304635 20.99352352057603 21.10744053301218 1.6606499112001636 1.6178923926277944 2.1308173578477136 1.237186394171154 2.4040435845493504 1.6005390261559453 2.357665850226189 9.267084416360358 1.7225896565265073 3.0473547976765034 
6xr7_0011,2,1.848461715580162 0.8015220089062502 2.097212155331983 1.3950362753324534 0.7738064163259583 1.2131455241798306 4.8381601158937935 5.845579676913763 5.221078090139761 5.0473484467086385 5.8030148740821685 8.688277774643018 1.6673451737379463 1.5826135373270311 1.9162582505164127 2.5641592672912847 1.3477698451596911 1.810455788585417 2.7424263196643546 0.892667833444906 1.5286509602543166 13.24637119954495 23.894115661297203 23.445359914323056 23.414528915842975 9.600004925982699 3.1380542236403794 2.4915643553357305 1.8573571254376176 2.4830995604919313 1.7881850095876233 2.3009344189351757 2.032099879937144 2.332661882604078 3.120766212840562 1.8559622276124046 
6xr7_0012,2,1.088018996852179 0.48409128692473324 1.3130212528607872 7.759236281629513 0.9638545571308406 1.5999168505383166 0.8310139832279866 0.4405236616852216 4.044137029631758 1.2344913712561498 1.9425050000668094 2.4772130041713765 1.0773225779280058 2.1677841752229656 1.4220464101837729 1.7455356324934888 1.2628718759010706 1.4992340668331652 1.3790644242042824 1.4577199575486215 14.023136675332779 1.3661758040491876 0.34364416542729526 1.2072766804223278 20.777702244233247 0.77502620431147 1.8887651089256998 1.0057541818869615 1.5254171603446347 2.4413074931979017 0.8667592495523515 1.2682172239574907 2.156340648423028 1.5334813114466412 1.3354733441933198 2.298085357089075 
6xr7_0013,2,4.951728578516149 6.6985066244172 6.389562606146309 6.0532444463312585 6.230790433964618 5.354618699167393 3.0161561441166396 1.7767242925785582 1.024688112476724 4.956153612730854 1.2637236643852254 1.8918688865965902 1.252269057144093 0.7659506949129008 1.9607135608939532 1.7872238301972698 0.8398874311246187 1.3351903373947185 4.004763770502838 3.430466996440022 2.614975308045098 2.1341879027631463 1.9715631365054536 1.3309719408843883 1.0463320482591663 0.6037652680151819 1.7374881216956408 11.339754729142784 1.8069983454350476 0.5089904512487877 1.8695507317827575 7.026733714011977 0.9907660042089768 1.9120365500129552 0.6549955492897982 1.681968603549391 
6xr7_0014,2,5.513980802593853 1.6730163651045906 1.2142930796992775 1.5684347243991026 2.253443896990387 4.585506334934756 6.372421277034639 20.211168396007867 23.668209824896046 17.760315620897764 8.392551122758967 7.415270226581189 6.966455064537846 2.5277876996517685 2.453729826938256 2.1732488449867198 2.0062873521777873 2.0991539074255083 1.3794295654563964 1.3024150895072244 2.261802653668308 13.891808184442038 24.225158902822464 22.564138665605263 21.626024927838422 21.01812302707046 11.648945519079646 10.583762993033522 2.2412493827499183 3.0893159404167454 2.235330195099323 8.679611848340441 9.073174952724102 1.9240559730256175 2.0774661788066626 1.9142723488849345 
6xr7_0015,2,5.7769722568769915 7.6939965599538995 8.344072140666256 7.046820509274654 7.378156927860162 8.788260649309763 8.270825049197798 3.6968765734012248 3.6152974752051876 3.833878486362704 8.51974068166899 16.812885553835223 6.302469912408705 5.758391774904913 5.680675564141606 6.617557814543882 3.6858325119164808 2.9259911354261177 4.813769844774526 2.681553490912684 2.3083258705447114 2.5171800878386157 1.7947975758597712 22.266473512708096 1.6950200981346963 1.4081093803574982 1.9908409522978534 1.5408000541235782 2.056334914426636 1.7329763162126275 2.253357789040564 1.7477314916491669 2.0317822669131593 2.1740657875039617 1.9508977123650308 2.2771424843185475 
6xr7_0016,2,0.8781180773085766 7.011281146425808 0.8362141725348307 0.5644631124373359 6.041396615173285 7.849096669987572 0.6797728350575818 1.0778439536738247 2.085947069695708 0.5136995968779374 1.259421161381379 0.842596635065742 0.1309244621443135 1.5202053166824026 0.9190749088760696 2.1407900268276094 1.4735989535939251 0.9320205899192595 0.2842337532700857 4.4766039358752625 2.7930165625703967 0.8250370161945597 1.1794421136091795 0.5753718124730786 1.5355198846255804 2.0803315530177984 1.4260646190229251 2.1278449146326692 0.7517729509376114 1.5821165029143358 7.052305384049177 1.657167253575745 0.8990817496182179 9.32142180487183 0.6080567365144108 1.3861889366845983 
6xr7_0017,2,6.253186941665017 1.377586532753932 8.07025347191151 6.676641443346765 0.6401140252479328 1.7951202305678577 1.488329013493395 2.3867609670824925 0.5113992625016408 2.149885264867303 0.9228841969806155 1.9210977713919775 3.1330621171176216 0.9842474122521228 1.3940993001031168 0.795619479033092 1.0950285358453247 2.2112287488363918 1.4229272921156428 0.615809133145887 1.1161938027750578 1.9859442957975375 1.5081323762912855 10.20647851763097 9.726654354242893 0.55661958889762 2.489107296805311 0.9638253879774537 1.8868559534992475 2.8021454746267587 1.0652123385696395 1.4846276261882791 0.13261839832349387 1.6630052083744524 1.0934181391256501 0.4660566888957227 
6xr7_0018,2,1.7527103265050517 1.181546769188827 1.501703195355231 0.536637608396434 1.5212269807576018 1.213000193642194 2.274869152222509 1.2451285377293828 0.557086827505372 1.8885527575874366 1.2420883350402703 0.48854533524422167 1.8382831989992123 1.2356997528688396 1.2494994206898307 7.599856599143025 1.0238625006671767 0.31437518312166085 1.153877316942317 0.4463766354404216 0.884543766341974 13.761694229478877 1.1735523103552357 23.766738367458945 1.3102097609952468 21.112354599869725 0.3157152340230389 0.8044659641463329 1.6346058849665328 1.1580623664419423 2.9367326302352112 1.218805756864253 2.039822127587109 0.9784847697301623 2.8480319803635363 0.6481816140257297 
6xr7_0019,2,0.40757134128040834 2.480816423783823 1.6557139302352997 0.968228335652862 2.1849837423644343 0.6413666898017251 5.095355829493364 1.7376692323063416 0.9654472493984905 2.3990936325824057 2.0246026458188173 1.841800397392755 0.9875085373697902 4.023965495179668 0.7629664033547683 11.608742682804161 1.1485442902730298 0.4565275322004139 1.4611882049005338 1.720575934875038 14.092383125616326 1.4654973682227403 1.8692471874452856 0.3884134813590337 1.9294298439708673 1.275588692148104 2.8532389613820563 1.3551487949213874 6.113761477276889 1.3006544652974603 0.3807140789154565 2.7376246765457504 1.747559813139962 1.1574617350360037 0.894078439127935 1.2117548103090914 
6xr7_0020,2,5.8009217222749285 7.096058138782138 6.910581547996795 0.5860837519454403 6.355427868594774 1.0260432449232124 0.35825282075713577 1.3198808931290398 1.77355389123048 0.9200397347029216 1.9580346488198601 4.826287595369643 4.804340422193341 5.853207583043772 6.927294532236265 5.638382284683367 4.960037384412799 2.9826537543325222 1.5275886836174557 2.9743525539059936 0.6896604710571557 2.2028388257538394 1.6786728583845631 23.817455273891234 0.7271805319067763 1.056871878137291 1.8321546125181563 1.6633424248818334 0.20432259144276943 2.0368144325564974 1.2390537981363483 0.9298730378601276 1.9651875156488812 1.6483334370254434 2.5827512735051017 1.9644129606525087 
6xrg_0001,3,1.513547211439442 1.7508246087825143 7.2104224508637875 1.8973053959499742 1.7691121094847424 2.5675973765807036 3.4038846185073766 10.40474943401695 5.328875652766341 5.059814267679585 5.981899858093711 2.3619495843646954 1.5620244437792186 1.839890862450331 4.5280571597648684 1.8354989402303912 1.8196461985626644 1.5270889475898615 2.2496474866036724 1.8537921457586755 2.8007680484191395 1.9390821178004698 2.744899929518824 2.976047134121684 22.037363434847915 20.696416922337885 21.09081426965531 11.734609790109792 10.987424625917665 8.761645453266368 7.809640692159438 8.357209886760966 8.751092311673638 9.347705858737775 9.183012810605032 2.527247371401915 
6xrg_0002,3,1.717240794256815 1.6479140358886375 7.519193081486285 1.8851261800518524 1.882401928907379 2.090874501789409 2.8704946752577527 19.135479331130306 5.077268583370492 2.5961242133201607 1.85272026495607 1.6521263941933202 2.003164591969694 1.9593706871737613 1.7314214276689608 4.3987671540709625 1.8541452941457361 2.297451707738647 1.607528627767481 2.296009050048197 1.6819052308503857 2.064504023190289 2.3237827888160196 2.8865630366520283 21.30678510378082 20.566159444107498 21.87974258185518 12.81752533898629 5.678542777340337 5.174313248443454 5.14526619763621 6.22560058921977 8.072654346370598 9.421169083378231 9.396498764489627 2.7034137240939566 
6xrg_0003,3,1.0271315243663892 2.439255846652372 1.7345024392728756 2.42239836837246 1.5273462540507237 2.5340014331930525 2.3927090023309936 10.31179289278739 4.756552056735132 3.7824179337893256 3.517189752048091 2.7693831448289665 2.4882110846591954 2.4617598243785777 2.307856427051109 2.4604589983498792 2.346044453270322 2.5673686900098924 1.8845284725927836 1.898182877564166 2.3433894571900433 1.7859316355503523 1.57638466013583 1.9647771084478147 2.5161479590945275 21.016484431061183 21.491118829875816 11.331518756838582 11.574937614420396 8.565431982105489 7.834472802652598 7.767590837694001 7.968943752140089 10.33759889398868 10.110237484399141 2.9572058972543283 
6xrg_0004,3,1.6045331401884817 1.6142598216672281 7.840896029212379 1.4635988105437607 1.7133576832765471 1.9265943469247027 2.5945130621413126 1.70061180250197 4.848706919317413 4.557977115503958 1.1715284179585421 0.8141659119000254 1.4492875687157085 0.953673742615075 1.6850895584268248 0.9176825910060382 2.269930550832093 1.772031351117349 1.8405220231561419 1.884431492340712 3.7843756735361986 2.806966019626371 13.651245558355912 14.386861249057489 22.182189796828855 20.48571408606093 20.86583743229022 12.012843375758694 12.001080966041581 7.907369264634133 6.673455690462758 6.894666886623231 1.2978052963320637 1.4865833423360801 1.2982512558865054 0.5813420777629793 
6xrg_0005,3,1.5826469861771308 0.9358099462278057 7.517981514200101 6.143339998910266 0.9338107794357723 1.2937620731276502 0.8248251114849202 2.502341529831832 1.3233380090982465 1.573900151334258 4.469263781137423 1.3624343700703125 1.7143945531629463 1.6556545627771782 0.8660868219143953 1.3170270500981454 1.011951547341022 2.1814734031143064 1.2990254809800903 1.5867142982996165 1.9938526150793816 2.617297001713048 14.174607104025066 21.610035443279045 22.09550845090202 20.671357609600374 22.186907363959214 12.043173361357889 11.742585897074974 7.466217870384123 6.842090073245399 6.783557607344558 7.0371717035860755 8.92609585399249 9.308231784767889 1.5284339092931039 
6xrg_0006,3,1.9111853468701625 1.563002971115574 7.24744586405936 1.696725793752485 1.5105220966688968 2.463124114152639 2.091506626296088 4.183239828780944 5.43460805206161 5.205456769287451 5.309875023515672 2.552742041155571 2.6087570054403093 2.245452167770348 4.857173238189941 2.4495016284028974 2.120161280592692 2.4297241714424653 1.3646862692488868 1.692338536367683 2.607765911527635 1.873337540430863 2.627462543585372 1.6908912558104443 2.164540202597951 24.586172527698825 25.8854231528495 14.41788135086878 12.37934027851623 10.475785021175316 7.881231703974436 8.149529978118316 8.27272274359187 9.858032844195414 9.941531380273391 3.0770324432704457 
6xrg_0007,3,0.914506769201604 6.299583682978935 6.822159113438176 1.0480654284352249 1.7979406436047265 0.7768909942957105 1.116954107176994 2.873011849657274 0.3633029493454617 1.213188398485211 2.0419173073954564 1.1404907586779378 0.7163688346521566 1.6997357371653394 1.504432473879362 0.838948157140502 6.015957066092263 1.4535231260081676 1.2516486982144346 3.4870966064066824 0.49484645583060527 2.0449855360199716 0.07212909494094598 0.7923011459839975 2.4466810895368942 1.7657022095758392 0.9551258425295474 11.340986622156736 1.5829805675784174 0.8432253666230372 1.2308538534082754 0.4722473392696059 1.4245299759264065 9.576490782561741 1.246157963547916 0.6942959984704731 
6xrg_0008,3,1.9319783708276574 1.7124888552457795 1.9377481341064138 2.6832316171306276 1.968400720712263 2.4537633653957838 2.5071812294311937 20.979896042078995 5.179082767901035 4.921975310548004 4.166544875542938 2.949186303249084 2.268532811829267 2.0685302078292747 2.124014283643121 1.963507452437658 2.0759236758286392 2.48859604651621 2.697782926329796 2.036351856002543 1.8523792301039645 2.6550524608392494 2.289906476773281 2.24716717302202 2.6454142070517257 20.819166922211874 21.25194607682251 11.466561004798498 11.011842126247547 7.855978612474118 7.122053983382424 7.722849523823373 8.525753025562185 10.150395006911543 2.924621509827972 2.512416327887049 
6xrg_0009,3,2.277945033104521 6.306379548208562 1.9445684609264566 2.202961993077603 2.2439267643142657 1.955866272900777 2.676769718920176 3.063810646532064 9.6608465750695 4.453301903832231 4.3459500957500525 3.7754978924704896 3.0700320865223145 2.455120268099689 2.386957248496038 5.764113144459297 2.078382439292901 2.134607298304174 2.002242059484012 2.835395579447033 2.6342347034333224 2.2412184049627015 2.5297429855261537 3.311655134790675 2.549055545980598 20.876101786928846 21.90857011770629 12.128084295042646 11.785383670878684 10.589210178130957 7.783997002787371 7.635492020464002 7.80598790078771 9.754067641958121 9.167528056048383 2.613159946638148 
6xrg_0010,3,5.146277983569927 1.326946431319667 5.727568817397348 0.8496274547502831 2.1228150408651034 1.700436794032639 1.105526958852002 9.535333411205022 9.153654161589394 4.633180282633386 4.44099896203802 4.235734829392127 2.681294295620121 2.4732623984173214 2.7784343190824616 2.1175049779315485 2.849750519372315 2.484417838686784 0.7329789475022079 1.4976157958864336 2.4227381816416136 0.5625657668397536 2.341498995008326 1.0930408805213503 1.9487867413302165 2.0391556954006727 1.7041920674192734 11.070297375592812 10.860695841960837 7.52377482850235 6.903262163819525 7.368170952460961 8.964758871892125 9.783517923800678 9.725471910247657 3.375790511202524 
6xrg_0011,3,2.8218780483114037 2.4490105786836085 2.28958416313766 2.027607508944936 2.175395010987149 2.1620187166250178 1.7009433852785276 5.170164332109904 1.5346169496471893 1.7736663148079903 2.2371230691365143 1.7512047241797732 1.4273817929025001 2.454255323328692 1.6264288272183254 2.503801246967077 4.0813875304772 5.294537425248414 2.4378851945577296 3.0841816733326346 2.6338486010864406 2.7481729433320683 2.4558232404311773 1.9354031254250366 2.7313020281572875 21.201665944958457 26.164569996867616 16.157641086462988 10.639587563897848 8.75449443457629 8.289790583144882 8.352762416103715 8.35389674561546 8.906948364185949 9.445175356406494 8.471688775478562 
6xrg_0012,3,1.7072601192038992 2.0020958842107324 1.9417203738674058 2.217684720118535 1.9570858246240619 2.277415303410084 2.4957298916181037 3.21696204904952 10.16213747630195 5.316116876735886 4.17011437755052 4.476135302561922 1.9439962395316281 1.384550494546475 1.7628822654163707 1.965307674761158 1.6366600716892246 5.838505306878285 2.725376237170302 1.7891761165926188 2.4426645280130965 2.5582775942919316 2.6470084962045783 1.9980157356695725 2.0303214023131355 2.4014299216060833 21.42889095738157 12.761388962262885 9.944615243932729 8.235657221319505 7.577091919507626 7.59454927447558 7.995779762777986 8.619012074665145 9.36405900148281 8.478731850548229 
6xrg_0013,3,4.703952849857153 1.9756096806765189 2.34789772111566 2.1569606842210227 2.370610249121638 17.55175464388311 11.135013533546159 10.079309467022032 6.166295865555629 5.205237607694526 4.442867300000867 2.1407911369489603 1.531374987582728 2.001195381307688 1.363193873346504 1.6325322168577394 1.8294159227542484 1.8071267307101377 2.469971848246881 2.307953309025601 2.370806902923513 1.9716135006774136 2.4454245604677274 14.434128314074641 21.96398722609943 22.61804598916556 22.80429387193699 13.279402182691245 11.512423071008817 10.628869651252883 7.934875713771513 7.92313408806659 8.289862626791901 9.088978092619238 9.139423142588189 2.521378480776846 
6xrg_0014,3,5.946913883014403 7.647720330901032 0.26465563324273134 0.80475330339186 0.6257084321408102 1.1514624296465585 1.1648668128093254 0.8180006552989089 1.5259321131299095 2.5274690966711693 1.6718690529664362 2.145238279135159 1.4347833596644088 1.7108481072685688 1.4367349274436658 2.3108381398343085 1.5470113089939297 1.2153274298449595 0.9166226137323669 3.5369623505828023 3.0534505588677865 0.4493774056972849 1.3211162132591179 2.0321678798286382 1.2642850766452074 1.8235087205608436 0.9204209956768578 0.5119734790069155 1.7116938045145678 1.2020572272955874 1.9857776073069653 1.2648604114842519 0.555948884632891 9.990140298526148 1.3082829485969598 2.2535710760712404 
6xrg_0015,3,1.7640477816284095 2.6005739204410028 1.6977290751016654 2.028536901952215 2.2119071997988273 2.2273958838920196 2.035318498102174 2.712172692788856 10.339412885747322 5.269970535936662 4.890801445338028 5.384191582810077 2.6994166669284514 2.1311214389162445 3.0097364449998865 2.272231676633471 1.813867445102744 2.5515141835251036 1.6330532537707465 2.0112592926159194 2.0716702281912265 1.7809673018170336 2.7555433361886887 20.904368139539432 21.568530735133148 20.495496841082904 20.563487204557507 12.573961026787137 10.813407756426916 9.901155575064964 7.800700270507777 8.128099804535573 8.459323278734995 8.86525592912259 9.012488839975122 5.407256742477547 
6xrg_0016,3,5.541353137863882 0.48583793560278693 1.1809190757560166 1.846767368688716 1.6307060884414795 1.0302325266680765 0.6476507965670149 10.872105618309869 1.7501647003075962 0.8898056022353672 2.134724309868008 1.794182047428298 1.7575863925693982 0.6037051951262673 0.9650000751909009 1.8038178858604017 2.0965141254539112 1.843502117229535 4.223686226444094 3.7351996703672428 3.973141185991451 4.058467843172565 0.22300997221848373 4.139831994139349 3.651409412282773 2.3051989231278696 1.0760575065191038 1.456497277116576 12.047422324493644 1.230207723964986 1.717570583606359 8.24509175109241 0.7940054032001993 0.31360982846931873 9.37261683662943 1.1566114262947411 
6xrg_0017,3,0.7862750987045748 6.720738214151917 1.4006243620717473 6.965536062726839 1.4076588924949112 0.7218018772286324 2.026203149574209 1.5401723939875838 3.603158240969057 3.7760562544917744 1.2519046435495795 2.0235723506855665 0.6796308288988794 2.0475241795258756 1.4179611401396022 5.684077495095859 1.191655432845744 0.7870897079343061 1.1290606512942025 3.989650727735574 1.2526433846990221 1.0409450052281553 4.102412026972452 1.4794956606847485 2.3332200465990725 21.019633675696657 21.56252739740746 15.860779913594838 6.7469638788695825 6.589726278409783 6.888138332515534 7.484195901938705 1.3331188797824614 0.7842753809763223 1.7508473265516327 3.873961530527117 
6xrg_0018,3,1.4608503515921436 1.6679022310281126 1.1300984094613669 1.8780807554335892 1.5807548496395287 1.774201963924219 1.4516342795549053 0.8477132934624115 4.928096770433445 4.653844474196851 4.157153067803722 0.8074849188745811 1.6141202303530209 1.520864374803063 0.7485984867396466 5.946294582300887 1.4732412557671757 0.870130155836598 2.710006110221258 1.6287562884239482 2.4409568155068713 2.147864471670123 2.8893182118710983 22.199964730381804 21.96845727683157 20.879853334620606 21.385983212655756 11.376451654671728 11.185106368603112 10.33897794564028 7.332854998309738 6.503799895713497 6.751442935792228 8.694298836388475 12.892060866539948 1.393680232935845 
6xrg_0019,3,2.197643053030653 2.3883188430817004 2.3094020716833947 2.5592415728124527 2.6834252011869912 2.5141964803764063 4.519308007714849 10.594066441484394 5.909849257874762 4.657373239628692 1.9745061455296726 1.722971589316325 1.3822550587080922 2.035328629535017 1.3198929382657436 1.5649470347574421 1.022635527371746 8.559377489441806 2.5530791762295797 2.5504983087302984 2.2118293528482504 2.4774505996744356 2.282108445943624 2.393045530363186 21.51866056814021 20.571282658696816 21.342173016994042 12.84170231191805 12.688971033801142 9.514542284519145 8.818822439339595 8.833653923629475 1.4107704692061394 1.1377795740293657 2.0088457847942323 1.2321571802219697 
6xrg_0020,3,1.8120094810722034 6.090042154600693 1.576739447855359 7.095325992639583 1.7042755303296928 2.4850616710877507 2.3567059834552735 10.240287070107993 4.89101954156419 3.7726073134353504 3.021405023735389 2.1261295931610618 1.845220211531073 2.1407374946895965 2.1698100051980234 1.8860293814821363 2.531262718252713 2.1326868508029437 1.239084032262228 2.4073013002482444 1.88730961598182 2.0672153203097205 1.8765213414601025 1.5225700964102695 2.110749858090195 20.827828114497002 21.470082358949764 12.812960807851512 13.008100318212515 6.903671914123011 6.888660451361207 6.997462692187361 7.729357732515003 9.201496582806813 2.740947780577206 2.2643393962355653 